life_no,total_ms,frames,hits,grab_ms,yolo_ms,select_ms,mouse_ms,pid_ms,align_click_ms,move_ms
1,48.0118,5,0,28.7574,89.4498,4.1537,0.0445,0.0399,0.0111,1.6708
2,28.0136,1,0,18.2999,53.9519,3.5554,0.009,0.006,0.0016,0.1953
3,226030.3908,1,0,46299.5019,157686.6791,1.3222,0.2394,0.0054,0.0012,0.3367
4,1008.5191,79,0,449.7735,1344.9895,95.2003,13.5345,0.6621,0.1579,105.427
5,1018.3852,90,0,488.5927,1441.3299,124.9201,3.7531,0.855,0.1521,52.0627
6,42550.3502,12,0,77.4166,162.7701,14.9418,0.1547,0.0685,0.0171,2.6523
7,41.3632,3,0,10.3619,43.4782,1.8205,0.0366,0.0158,0.0044,8.7221
8,266.383,12,0,78.889,224.267,6.6267,0.3172,0.0628,0.0173,2.871
9,296.6191,18,1,58.8127,230.3759,13.0754,0.6334,0.1379,13.4232,6.511
10,59.7291,2,0,12.8007,42.257,1.292,0.016,0.0114,0.0028,0.4239
11,33.7334,1,0,4.9246,17.2618,0.741,0.01,0.006,0.001,0.2709
12,295.2795,18,1,51.8954,197.0874,4.8098,0.1791,0.0986,11.2558,4.127
13,59.2605,3,0,10.2765,45.0109,0.622,0.025,0.0163,0.0043,0.7327
14,32.5286,1,0,4.9331,27.0938,0.1811,0.0036,0.0039,0.001,0.2534
15,532.7347,32,2,85.9901,352.4937,6.844,0.3335,0.1715,22.0954,7.145
16,155.4713,8,0,25.1714,90.4621,2.1804,0.0843,0.0457,0.0151,1.8986
17,32.2971,1,0,4.7691,18.5861,0.5446,0.0064,0.0061,0.0012,0.2156
18,62.8639,3,0,10.9764,34.0257,0.6323,0.0278,0.015,0.0044,0.6515
19,32.2894,1,1,4.5449,11.5135,0.5241,0.0066,0.005,10.9885,0.1124
20,579.0564,36,2,93.4544,379.814,8.2868,0.679,0.2034,22.7419,8.8854
21,188.0118,9,0,30.6866,123.7884,10.6143,0.1014,0.0542,0.0146,2.3937
22,33.4437,1,0,4.8954,22.0423,0.3463,0.0086,0.0063,0.0011,0.1997
23,237.8367,14,1,38.0459,135.7861,3.4347,0.1459,0.0769,11.3674,3.4022
24,152.8583,8,0,24.8942,112.3425,1.6173,0.0788,0.0474,0.014,1.765
25,29.8392,1,0,4.9875,21.4579,0.2127,0.0051,0.0055,0.0018,0.2465
26,108.1619,5,0,17.6781,70.7744,1.6698,0.0634,0.0277,0.0082,1.547
27,220.392,13,1,39.724,143.7585,3.7856,0.1209,0.0652,11.4191,3.0755
28,545.5083,33,2,88.2881,336.994,7.5695,0.3292,0.1938,22.2598,7.3722
29,83.4699,4,0,12.7942,51.0012,0.9556,0.0362,0.023,0.0057,0.9773
30,28.8986,1,0,4.7785,22.9578,0.3865,0.0111,0.0068,0.0016,0.229
31,445.8856,27,2,84.8717,327.3278,7.9729,0.5044,0.1904,24.4069,10.8654
32,286.9341,17,1,46.8251,185.8315,4.3694,0.1824,0.0919,11.0966,4.4373
33,58.8901,3,0,10.6552,31.9239,0.948,0.0204,0.0138,0.0034,1.1779
34,28.2524,1,0,4.8698,18.193,0.528,0.0075,0.006,0.0011,0.188
35,704.5367,44,3,114.1676,446.0103,8.9463,0.4735,0.2328,33.3836,11.0293
36,578.8508,1,0,94.9297,380.6606,0.2896,0.0059,0.0062,0.002,0.1928
37,66.8544,3,0,10.3079,36.0958,0.6971,0.18,0.0218,0.0056,0.5594
38,29.361,1,0,5.5097,21.449,0.5411,0.0078,0.0054,0.001,0.2069
39,987.5331,62,4,164.3534,595.7352,15.2912,0.7477,0.3574,46.2484,14.2689
40,407.6375,24,1,68.9509,275.9427,5.5984,0.3421,0.1383,11.3633,6.1788
41,95.9512,4,0,15.7539,53.9605,0.983,0.0416,0.0236,0.007,1.0198
42,29.0746,1,0,5.2896,17.733,0.2297,0.0058,0.0047,0.0013,0.2439
43,1008.3585,64,3,167.615,631.4359,17.4738,0.7713,0.365,34.1471,14.5584
44,228.2687,14,0,39.2687,148.7708,3.3464,0.1649,0.0779,0.0201,2.7713
45,725.1532,44,2,121.6226,422.5194,10.3948,0.4765,0.2355,27.8033,9.8708
46,32.9621,1,0,5.0419,17.6831,0.3054,0.0054,0.0054,0.0014,0.203
47,108.9911,5,0,17.3125,61.2109,1.0066,0.0496,0.0275,0.0073,0.9096
48,57.6287,3,0,9.5328,39.552,0.6281,0.0266,0.0153,0.0045,0.6055
49,33.3776,1,0,5.3305,19.4198,0.4895,0.0094,0.0064,0.0013,0.2513
50,45.5664,2,0,7.5187,30.0971,0.7924,0.0222,0.0126,0.0031,0.5229
51,96.0776,4,0,15.2295,58.1236,1.7327,0.0919,0.0194,0.0051,0.9084
52,33.4848,1,0,4.9274,15.7206,0.5682,0.0275,0.006,0.0012,0.2681
53,732.8691,46,3,117.991,457.7564,28.2734,0.509,0.2852,33.8959,11.0063
54,95.0836,5,0,14.8793,63.0277,0.9757,0.0466,0.026,0.0064,1.2184
55,29.2049,1,0,5.0233,17.9475,0.2358,0.2093,0.005,0.0008,0.2008
56,125.3129,6,0,20.3379,79.9,1.0291,0.1008,0.0359,0.0094,1.1082
57,33.3279,1,0,5.2375,18.2362,0.2841,0.0058,0.0056,0.0014,0.1764
58,90.8443,5,0,15.1723,59.5377,1.1081,0.053,0.0285,0.0077,1.1094
59,33.5219,1,1,5.2629,17.5133,0.3457,0.0096,0.0048,11.4398,0.2111
60,125.3857,7,0,20.5214,88.231,1.4075,0.1436,0.0374,0.0104,2.1934
61,32.8171,1,0,4.8771,19.7089,0.2765,0.0057,0.0057,0.0014,0.2238
62,280.5252,16,1,50.0735,172.0821,2.8609,0.3547,0.0829,11.3275,3.1644
63,1005.9947,63,4,159.4815,616.1217,14.7309,0.6492,0.3422,44.5225,14.3827
64,75.2778,4,0,12.6017,50.7885,0.6571,0.0392,0.0187,0.0049,0.9378
65,32.818,1,0,4.8711,19.4937,0.3385,0.0076,0.0054,0.0012,0.1855
66,75.9161,4,0,13.7169,53.2882,1.0507,0.0366,0.0228,0.0052,0.8228
67,32.3587,1,0,4.7656,17.01,0.3372,0.0075,0.0056,0.0012,0.2531
68,441.4999,27,2,71.2385,279.6765,5.2235,0.3054,0.1408,21.9542,5.9726
69,358.0968,21,1,57.4962,229.4049,4.7959,0.2066,0.1135,11.1788,5.0512
70,63.7444,3,0,10.3871,41.8677,0.6091,0.0243,0.0137,0.003,0.5434
71,31.6737,1,0,5.3773,24.5812,0.6281,0.0056,0.0055,0.0012,0.2462
72,30.4024,1,0,5.5091,14.9798,0.2725,0.0059,0.0043,0.0008,0.3121
73,78.0475,4,0,12.129,56.1251,0.7821,0.0375,0.0211,0.0057,0.8843
74,32.9641,1,0,4.7573,16.5467,0.3653,0.0073,0.006,0.0012,0.1878
75,142.1669,8,1,22.6598,89.8201,2.222,0.0684,0.0432,11.2061,1.9997
76,61.5137,1,0,9.8955,35.894,0.4823,0.0053,0.0046,0.0012,0.1913
77,487.0004,2,0,78.0027,305.9605,0.8951,0.0181,0.0115,0.0037,0.7311
78,62.3624,3,0,9.7845,36.0049,1.0403,0.0268,0.0163,0.0041,0.5432
79,28.7741,1,0,4.9129,23.6745,0.4566,0.0059,0.0042,0.0013,0.2295
80,126.199,7,0,20.5281,70.5692,2.3254,0.065,0.0344,0.0084,1.5752
81,345.3931,21,1,55.5608,240.9775,6.0503,0.2096,0.1109,11.2,4.7001
82,282.1202,17,1,46.0892,169.1258,3.866,0.1583,0.0914,11.1242,3.5799
83,1002.98,63,3,161.36,610.0737,25.6551,1.3392,0.4839,38.0007,15.0062
84,64.5248,3,0,10.1992,35.9605,1.2118,0.035,0.0174,0.0039,0.7118
85,45.3906,2,0,7.8147,28.2927,1.3835,0.1171,0.0124,0.0027,0.7193
86,516.8324,30,1,83.2073,328.4429,8.6106,0.7808,0.1597,12.1687,6.7255
87,1007.515,64,3,160.6634,622.5811,19.7696,0.7209,0.3373,33.847,14.2033
88,91.3407,4,0,14.642,53.8017,1.1263,0.0406,0.02,0.006,1.0657
89,176.3308,10,1,32.8253,103.1391,2.6152,0.206,0.0608,11.2359,2.4685
90,120.4033,6,0,21.3104,80.7554,1.8018,0.0593,0.0346,0.0093,1.3114
91,32.8748,1,0,5.5279,18.1552,0.3023,0.0058,0.0049,0.0014,0.1879
92,283.053,16,1,46.637,165.8423,3.0727,0.167,0.085,11.3967,3.4458
93,153.2193,7,0,26.3755,106.3552,1.8875,0.0656,0.0379,0.0109,1.586
94,33.6535,1,0,5.0329,17.5964,0.4452,0.0054,0.0051,0.0013,0.198
95,173.721,10,1,28.5268,94.498,5.3997,0.1089,0.0544,11.4671,2.5641
96,135.7,6,0,23.7894,102.2258,2.9096,0.0665,0.0334,0.0093,1.9949
97,31.4409,1,0,4.8003,21.0257,0.4822,0.0068,0.0049,0.0014,0.195
98,171.8565,10,1,33.1501,103.6427,2.6019,0.0964,0.0619,11.1403,2.218
99,94.1547,4,0,15.0246,62.4497,1.3752,0.0394,0.022,0.0063,0.895
100,33.8607,1,0,4.9074,17.7583,0.4007,0.0068,0.005,0.0012,0.224
101,500.1727,31,2,87.4985,349.3277,6.6323,0.3435,0.1725,22.7454,7.5644
102,75.3003,4,0,13.9168,59.5903,0.7961,0.0352,0.021,0.0061,0.9357
103,37.4009,1,0,5.4136,21.2419,0.4804,0.0051,0.0061,0.0011,0.3899
104,419.8598,26,2,72.9143,274.4149,5.5381,0.2568,0.1436,22.2948,6.3071
105,62.4476,3,0,10.8182,44.386,0.9899,0.0322,0.0183,0.0043,0.6962
106,29.1522,1,0,5.3123,17.0802,0.6272,0.0101,0.0041,0.0011,0.1992
107,78.982,4,0,13.7302,50.484,0.6465,0.0324,0.0193,0.0049,1.3716
108,832.4981,6,1,139.5871,530.3725,1.9529,0.0666,0.0319,11.4143,1.4636
109,175.461,9,0,30.0131,95.5884,1.8674,0.0842,0.0476,0.0122,2.0925
110,404.3173,25,1,67.5641,239.4569,6.1117,0.2706,0.1346,11.1669,5.4792
111,300.0892,18,1,47.6673,183.52,3.9956,0.1993,0.098,11.3991,4.3297
112,815.3845,51,3,130.059,512.1543,10.299,0.4906,0.2581,33.9904,12.1283
113,63.5276,3,0,9.9992,39.8411,0.6001,0.0284,0.0173,0.0039,1.195
114,45.657,2,0,7.9869,29.2548,0.5466,0.0198,0.0114,0.0031,0.4692
115,437.5677,27,2,71.3762,269.9981,6.1564,0.513,0.155,22.4943,7.0913
116,61.8592,3,0,10.6089,38.2273,0.6838,0.0246,0.0147,0.0037,0.6641
117,33.8037,1,0,5.4492,17.5709,0.5292,0.0059,0.005,0.0012,0.1917
118,83.0539,4,0,13.172,37.8431,0.8351,0.0536,0.0216,0.0051,1.1067
119,262.6342,15,1,43.9146,180.6828,3.2595,0.1394,0.0851,11.5557,4.046
120,95.5396,4,0,14.9775,57.2358,1.591,0.0393,0.0233,0.0061,0.8787
121,29.5056,1,0,4.7226,17.7047,0.2907,0.0097,0.007,0.0015,0.5829
122,216.0589,13,1,37.3751,154.6141,7.023,0.2033,0.1316,11.3331,4.4053
123,283.3464,17,1,46.4539,158.1201,10.0719,0.2138,0.1086,11.3274,3.7709
124,155.3264,8,0,26.3374,103.2874,2.2016,0.0926,0.0477,0.0133,1.8865
125,32.4461,1,1,5.4323,15.5539,0.786,0.0089,0.0059,11.0865,0.1395
126,929.1319,57,3,158.0606,529.3208,18.278,0.6822,0.3239,33.4094,13.2858
127,124.0427,7,0,20.5249,89.7443,3.3238,0.0749,0.0396,0.0108,1.9251
128,28.3911,1,0,5.7815,23.0064,0.6563,0.01,0.006,0.0013,0.2361
129,141.271,8,0,22.408,84.9018,1.3637,0.3501,0.0428,0.0114,1.8235
130,158.8903,9,0,25.102,98.0577,3.4037,0.0877,0.0495,0.013,2.2442
131,32.7748,1,0,4.9242,17.3321,0.3238,0.007,0.0063,0.0012,0.2339
132,138.1964,8,0,22.3655,75.0549,1.6218,0.3793,0.0456,0.012,1.7011
133,32.486,1,0,4.9101,18.2554,0.6665,0.007,0.005,0.0013,0.3634
134,153.6147,9,0,24.7748,93.1902,2.7376,0.0975,0.0467,0.0119,2.1103
135,33.0868,1,0,4.702,20.7149,0.3181,0.0058,0.0053,0.0014,0.1956
136,127.2938,7,0,21.5765,80.7873,1.5295,0.0644,0.0393,0.0114,1.5578
137,28.4651,1,0,4.9903,17.7171,0.4224,0.0083,0.0061,0.0016,0.2061
138,144.3348,8,0,21.6537,79.4843,2.1068,0.0759,0.0398,0.0112,1.6615
139,29.505,1,0,4.9236,23.1215,0.2429,0.0055,0.006,0.0013,0.2464
140,124.1588,7,0,20.0712,88.0733,2.716,0.0606,0.0383,0.0104,1.7261
141,29.7155,1,0,5.0836,17.0292,0.5014,0.0059,0.0051,0.0013,0.2238
142,145.0358,8,0,22.7963,79.2618,6.1188,0.0867,0.0484,0.0129,2.036
143,28.6718,1,0,4.7531,17.5584,0.3563,0.006,0.0061,0.0019,0.2052
144,125.3847,7,0,20.4974,71.4306,1.3425,0.0665,0.034,0.0112,1.5189
145,33.7635,1,0,4.7968,14.8155,0.2494,0.0045,0.005,0.0012,0.2879
146,141.5683,8,0,22.2782,90.6765,8.987,0.2054,0.043,0.0114,1.8648
147,11373.0232,11,0,24.6706,84.111,4.2698,0.121,0.0586,0.015,2.7552
